Url,meta_description
https://www.infratex.com.au/products/gcl/InfraClay3300G/,"InfraClay3300G sets a new standard in geosynthetics, offering robust stabilization with >3300 g/m² sodium bentonite granules for versatile Australian terrains."
https://www.infratex.com.au/products/gcl/InfraClay3600GL/,"InfraClay3600GL: A superior integration of GCL with PE Liner, featuring sodium bentonite granules for unparalleled soil stabilization and waterproofing."
https://www.infratex.com.au/products/gcl/InfraClay3700G/,"InfraClay3700G: Innovating Australian geosynthetics with >3700 g/m² sodium bentonite granules GCL, offering unparalleled performance in soil stabilization."
https://www.infratex.com.au/products/gcl/InfraClay3700GL/,"InfraClay3700GL: Elevating GCL solutions with a PE Liner. A robust GCL Geosynthetic Clay Liner, uniquely integrated with a waterproof liner for superior protection."
https://www.infratex.com.au/products/gcl/InfraClay4000G/,"InfraClay4000G revolutionises geosynthetic solutions with >4000 g/m² sodium bentonite granules, offering unrivalled GCL performance for diverse Australian projects."
https://www.infratex.com.au/products/gcl/InfraClay4000P/,"Discover InfraClay4000P – a superior GCL with >4000 g/m² sodium bentonite powder, designed for robust and efficient soil stabilization in Australian terrains."
https://www.infratex.com.au/products/gcl/InfraSealHS/,InfraSealHS is a high-performance smooth HDPE liner for Australian conditions.
https://www.infratex.com.au/products/gcls/InfraClay3300G/,"InfraClay3300G sets a new standard in geosynthetics, offering robust stabilization with >3300 g/m² sodium bentonite granules for versatile Australian terrains."
https://www.infratex.com.au/products/gcls/InfraClay3600GL/,"InfraClay3600GL: A superior integration of GCL with PE Liner, featuring sodium bentonite granules for unparalleled soil stabilization and waterproofing."
https://www.infratex.com.au/products/gcls/InfraClay3700G/,"InfraClay3700G: Innovating Australian geosynthetics with >3700 g/m² sodium bentonite granules GCL, offering unparalleled performance in soil stabilization."
https://www.infratex.com.au/products/gcls/InfraClay3700GL/,"InfraClay3700GL: Elevating GCL solutions with a PE Liner. A robust GCL Geosynthetic Clay Liner, uniquely integrated with a waterproof liner for superior protection."
https://www.infratex.com.au/products/gcls/InfraClay4000G/,"InfraClay4000G revolutionises geosynthetic solutions with >4000 g/m² sodium bentonite granules, offering unrivalled GCL performance for diverse Australian projects."
https://www.infratex.com.au/products/gcls/InfraClay4000P/,"Discover InfraClay4000P – a superior GCL with >4000 g/m² sodium bentonite powder, designed for robust and efficient soil stabilization in Australian terrains."
https://www.infratex.com.au/products/gcls/InfraSealHS/,InfraSealHS is a high-performance smooth HDPE liner for Australian conditions.
