Url,Multiple title tags
https://www.infratex.com.au/products/drainage-systems/,Drainage
https://www.infratex.com.au/products/drainage/,Drainage
https://www.infratex.com.au/products/gcl/,Gcl
https://www.infratex.com.au/products/gcl/InfraClay3300G/,GCL with Bentonite Granules: InfraClay3300G
https://www.infratex.com.au/products/gcl/InfraClay3600GL/,GCL with PE Liner: InfraClay3600GL
https://www.infratex.com.au/products/gcl/InfraClay3700G/,GCL with Bentonite Granules: InfraClay3700G
https://www.infratex.com.au/products/gcl/InfraClay3700GL/,GCL with PE Liner: InfraClay3700GL
https://www.infratex.com.au/products/gcl/InfraClay4000G/,GCL with Bentonite Granules: InfraClay4000G
https://www.infratex.com.au/products/gcl/InfraClay4000P/,GCL with Powdered Bentonite: InfraClay4000P
https://www.infratex.com.au/products/gcl/InfraSealHS/,Smooth HDPE Geomembrane: InfraSealHS
https://www.infratex.com.au/products/gcls/,Gcl
https://www.infratex.com.au/products/gcls/InfraClay3300G/,GCL with Bentonite Granules: InfraClay3300G
https://www.infratex.com.au/products/gcls/InfraClay3600GL/,GCL with PE Liner: InfraClay3600GL
https://www.infratex.com.au/products/gcls/InfraClay3700G/,GCL with Bentonite Granules: InfraClay3700G
https://www.infratex.com.au/products/gcls/InfraClay3700GL/,GCL with PE Liner: InfraClay3700GL
https://www.infratex.com.au/products/gcls/InfraClay4000G/,GCL with Bentonite Granules: InfraClay4000G
https://www.infratex.com.au/products/gcls/InfraClay4000P/,GCL with Powdered Bentonite: InfraClay4000P
https://www.infratex.com.au/products/gcls/InfraSealHS/,Smooth HDPE Geomembrane: InfraSealHS
https://www.infratex.com.au/products/geocell/,Geocell
https://www.infratex.com.au/products/geocells/,Geocell
https://www.infratex.com.au/products/geogrid/,Geogrid
https://www.infratex.com.au/products/geogrids/,Geogrid
https://www.infratex.com.au/products/geotextile/,Geotextile
https://www.infratex.com.au/products/geotextiles/,Geotextile
