Url,h1_count
https://www.infratex.com.au/,0
https://www.infratex.com.au/aboutus,0
https://www.infratex.com.au/applications,0
https://www.infratex.com.au/applications/civil_construction/,0
https://www.infratex.com.au/applications/drainage_solutions/,0
https://www.infratex.com.au/applications/erosion_control/,0
https://www.infratex.com.au/applications/gcl_lining_solutions/,0
https://www.infratex.com.au/applications/landscaping/,0
https://www.infratex.com.au/applications/mining/,0
https://www.infratex.com.au/applications/rail/,0
https://www.infratex.com.au/applications/renewables/,0
https://www.infratex.com.au/applications/tunnel_drainage/,0
https://www.infratex.com.au/applications/waterways_coastal/,0
https://www.infratex.com.au/capabilities,0
https://www.infratex.com.au/contact,0
https://www.infratex.com.au/knowledgebase/case-studies/,0
https://www.infratex.com.au/knowledgebase/case-studies/byford-rail-extension-project-infragrid-30-30/,0
https://www.infratex.com.au/knowledgebase/case-studies/infracell-150-445-geocell-in-pavement-design-for-r/,0
https://www.infratex.com.au/knowledgebase/case-studies/infracell-200-geocell-barton-park/,0
https://www.infratex.com.au/knowledgebase/case-studies/infraclay-gcl-in-basement-waterproofing/,0
https://www.infratex.com.au/knowledgebase/case-studies/infraclay3300g-somersby-nsw-waste-transfer-station/,0
https://www.infratex.com.au/knowledgebase/case-studies/infradraingn-76ds-geonet-ansto-project/,0
https://www.infratex.com.au/knowledgebase/case-studies/infravoid-an-hdpe-void-former-cross-river-tunnel-p/,0
https://www.infratex.com.au/knowledgebase/technical-guides/,0
https://www.infratex.com.au/knowledgebase/technical-guides/comparing-laminated-vs-extruded-polymer-coatings-i/,0
https://www.infratex.com.au/knowledgebase/technical-guides/cyclone-alfred-and-erosion-control/,0
https://www.infratex.com.au/knowledgebase/technical-guides/gcl-deployment-equipment-focus-on-spreader-bars/,0
https://www.infratex.com.au/knowledgebase/technical-guides/geocell-200-445-technical-design-overview/,0
https://www.infratex.com.au/knowledgebase/technical-guides/geocell-accessories-guide-supporting-a-stronger-in/,0
https://www.infratex.com.au/knowledgebase/technical-guides/geosynthetic-clay-liners-gcl-guide/,0
https://www.infratex.com.au/knowledgebase/technical-guides/ordering-installing-gcl-pond-liners-five-essential/,0
https://www.infratex.com.au/knowledgebase/technical-guides/part-2-after-the-liners-down-protecting-gcls-durin/,0
https://www.infratex.com.au/knowledgebase/technical-guides/part-3-gcl-maintenance-in-wet-dry-seasons/,0
https://www.infratex.com.au/knowledgebase/technical-guides/spunbond-vs-staple-fiber-nonwoven-geotextiles-a-qu/,0
https://www.infratex.com.au/knowledgebase/technical-guides/understanding-the-differences-between-staple-fiber/,0
https://www.infratex.com.au/products/,0
https://www.infratex.com.au/products/drainage-systems/,0
https://www.infratex.com.au/products/drainage/,0
https://www.infratex.com.au/products/drainage/InfraSheet10/,0
https://www.infratex.com.au/products/drainage/InfraSheet18/,0
https://www.infratex.com.au/products/drainage/InfraSheet20/,0
https://www.infratex.com.au/products/drainage/InfraStrip25-100/,0
https://www.infratex.com.au/products/drainage/InfraStrip25-200/,0
https://www.infratex.com.au/products/drainage/InfraStrip25-300/,0
https://www.infratex.com.au/products/drainage/InfraStrip40-150/,0
https://www.infratex.com.au/products/drainage/InfraStrip40-200/,0
https://www.infratex.com.au/products/drainage/InfraStrip40-300/,0
https://www.infratex.com.au/products/drainage/InfradrainGN-76DS/,0
https://www.infratex.com.au/products/drainage/VoidForma/,0
https://www.infratex.com.au/products/gcl/,0
https://www.infratex.com.au/products/gcl/InfraClay3300G/,0
https://www.infratex.com.au/products/gcl/InfraClay3600GL/,0
https://www.infratex.com.au/products/gcl/InfraClay3700G/,0
https://www.infratex.com.au/products/gcl/InfraClay3700GL/,0
https://www.infratex.com.au/products/gcl/InfraClay4000G/,0
https://www.infratex.com.au/products/gcl/InfraClay4000P/,0
https://www.infratex.com.au/products/gcl/InfraSealHS/,0
https://www.infratex.com.au/products/gcls/,0
https://www.infratex.com.au/products/gcls/InfraClay3300G/,0
https://www.infratex.com.au/products/gcls/InfraClay3600GL/,0
https://www.infratex.com.au/products/gcls/InfraClay3700G/,0
https://www.infratex.com.au/products/gcls/InfraClay3700GL/,0
https://www.infratex.com.au/products/gcls/InfraClay4000G/,0
https://www.infratex.com.au/products/gcls/InfraClay4000P/,0
https://www.infratex.com.au/products/gcls/InfraSealHS/,0
https://www.infratex.com.au/products/geocell/,0
https://www.infratex.com.au/products/geocell/InfraCell100-445/,0
https://www.infratex.com.au/products/geocell/InfraCell150-445/,0
https://www.infratex.com.au/products/geocell/InfraCell200-445/,0
https://www.infratex.com.au/products/geocell/InfraCell75-445/,0
https://www.infratex.com.au/products/geocells/,0
https://www.infratex.com.au/products/geogrid/,0
https://www.infratex.com.au/products/geogrid/Composite%20Geogrid%2050-150/,0
https://www.infratex.com.au/products/geogrid/InfraGrid2020/,0
https://www.infratex.com.au/products/geogrid/InfraGrid30-150/,0
https://www.infratex.com.au/products/geogrid/InfraGrid30-200/,0
https://www.infratex.com.au/products/geogrid/InfraGrid3030/,0
https://www.infratex.com.au/products/geogrid/InfraGrid40-150/,0
https://www.infratex.com.au/products/geogrid/InfraGrid40-200/,0
https://www.infratex.com.au/products/geogrid/InfraGrid4040/,0
https://www.infratex.com.au/products/geogrid/InfraGrid4545/,0
https://www.infratex.com.au/products/geogrid/InfraGrid5050/,0
https://www.infratex.com.au/products/geogrid/InfraGridTX/,0
https://www.infratex.com.au/products/geogrids/,0
https://www.infratex.com.au/products/geotextile/,0
https://www.infratex.com.au/products/geotextile/BioThread300/,0
https://www.infratex.com.au/products/geotextile/InfraCoir300/,0
https://www.infratex.com.au/products/geotextile/InfraCoir400/,0
https://www.infratex.com.au/products/geotextile/InfraCoir500/,0
https://www.infratex.com.au/products/geotextile/InfraJuteFelt/,0
https://www.infratex.com.au/products/geotextile/InfraJuteMesh/,0
https://www.infratex.com.au/products/geotextile/InfraThread150NW/,0
https://www.infratex.com.au/products/geotextile/InfraThread200NW/,0
https://www.infratex.com.au/products/geotextile/InfraThread250NW/,0
https://www.infratex.com.au/products/geotextile/InfraThread300NW/,0
https://www.infratex.com.au/products/geotextile/InfraThread400NW/,0
https://www.infratex.com.au/products/geotextile/InfraThread450NW/,0
https://www.infratex.com.au/products/geotextile/InfraThread500NW/,0
https://www.infratex.com.au/products/geotextile/InfraThread550NW/,0
https://www.infratex.com.au/products/geotextile/InfraThread600NW/,0
https://www.infratex.com.au/products/geotextile/InfraThread700NW/,0
https://www.infratex.com.au/products/geotextile/InfraThread800NW/,0
https://www.infratex.com.au/products/geotextiles/,0
https://www.infratex.com.au/sustainability,0
