Url,page_blocked_reason
https://www.infratex.com.au/cdn-cgi/l/email-protection,meta_tag
https://www.infratex.com.au/contact?product=BioThread300,http_header
https://www.infratex.com.au/contact?product=Composite%20Geogrid%2050-150,http_header
https://www.infratex.com.au/contact?product=InfraCell100-445,http_header
https://www.infratex.com.au/contact?product=InfraCell150-445,http_header
https://www.infratex.com.au/contact?product=InfraCell200-445,http_header
https://www.infratex.com.au/contact?product=InfraCell75-445,http_header
https://www.infratex.com.au/contact?product=InfraClay3300G,http_header
https://www.infratex.com.au/contact?product=InfraClay3600GL,http_header
https://www.infratex.com.au/contact?product=InfraClay3700G,http_header
https://www.infratex.com.au/contact?product=InfraClay3700GL,http_header
https://www.infratex.com.au/contact?product=InfraClay4000G,http_header
https://www.infratex.com.au/contact?product=InfraClay4000P,http_header
https://www.infratex.com.au/contact?product=InfraCoir300,http_header
https://www.infratex.com.au/contact?product=InfraCoir400,http_header
https://www.infratex.com.au/contact?product=InfraCoir500,http_header
https://www.infratex.com.au/contact?product=InfraGrid2020,http_header
https://www.infratex.com.au/contact?product=InfraGrid30-150,http_header
https://www.infratex.com.au/contact?product=InfraGrid30-200,http_header
https://www.infratex.com.au/contact?product=InfraGrid3030,http_header
https://www.infratex.com.au/contact?product=InfraGrid40-150,http_header
https://www.infratex.com.au/contact?product=InfraGrid40-200,http_header
https://www.infratex.com.au/contact?product=InfraGrid4040,http_header
https://www.infratex.com.au/contact?product=InfraGrid4545,http_header
https://www.infratex.com.au/contact?product=InfraGrid5050,http_header
https://www.infratex.com.au/contact?product=InfraGridTX,http_header
https://www.infratex.com.au/contact?product=InfraJuteFelt,http_header
https://www.infratex.com.au/contact?product=InfraJuteMesh,http_header
https://www.infratex.com.au/contact?product=InfraSealHS,http_header
https://www.infratex.com.au/contact?product=InfraSheet10,http_header
https://www.infratex.com.au/contact?product=InfraSheet18,http_header
https://www.infratex.com.au/contact?product=InfraSheet20,http_header
https://www.infratex.com.au/contact?product=InfraStrip25-100,http_header
https://www.infratex.com.au/contact?product=InfraStrip25-200,http_header
https://www.infratex.com.au/contact?product=InfraStrip25-300,http_header
https://www.infratex.com.au/contact?product=InfraStrip40-100,http_header
https://www.infratex.com.au/contact?product=InfraStrip40-150,http_header
https://www.infratex.com.au/contact?product=InfraStrip40-200,http_header
https://www.infratex.com.au/contact?product=InfraStrip40-300,http_header
https://www.infratex.com.au/contact?product=InfraThread150NW,http_header
https://www.infratex.com.au/contact?product=InfraThread200NW,http_header
https://www.infratex.com.au/contact?product=InfraThread250NW,http_header
https://www.infratex.com.au/contact?product=InfraThread300NW,http_header
https://www.infratex.com.au/contact?product=InfraThread400NW,http_header
https://www.infratex.com.au/contact?product=InfraThread450NW,http_header
https://www.infratex.com.au/contact?product=InfraThread500NW,http_header
https://www.infratex.com.au/contact?product=InfraThread550NW,http_header
https://www.infratex.com.au/contact?product=InfraThread600NW,http_header
https://www.infratex.com.au/contact?product=InfraThread700NW,http_header
https://www.infratex.com.au/contact?product=InfraThread800NW,http_header
https://www.infratex.com.au/contact?product=InfradrainGN-76DS,http_header
https://www.infratex.com.au/contact?product=VoidForma,http_header
https://www.infratex.com.au/knowledgebase/case-studies/?page=2,http_header
https://www.infratex.com.au/knowledgebase/technical-guides/?page=2,http_header
