Url,seo_friendly_url_characters_check
https://www.infratex.com.au/applications/civil_construction/,False
https://www.infratex.com.au/applications/drainage_solutions/,False
https://www.infratex.com.au/applications/erosion_control/,False
https://www.infratex.com.au/applications/gcl_lining_solutions/,False
https://www.infratex.com.au/applications/tunnel_drainage/,False
https://www.infratex.com.au/applications/waterways_coastal/,False
https://www.infratex.com.au/products/geogrid/Composite%20Geogrid%2050-150/,False
