Url,title
https://www.infratex.com.au/knowledgebase/case-studies/byford-rail-extension-project-infragrid-30-30/,InfraGrid 30-30: Biaxial Geogrid Application in Byford Rail Extension Project
https://www.infratex.com.au/knowledgebase/technical-guides/choosing-between-pet-and-pp-geotextiles-a-practica/,Choosing Between PET and PP Geotextiles: A Practical Comparison Guide
https://www.infratex.com.au/knowledgebase/technical-guides/comparing-laminated-vs-extruded-polymer-coatings-i/,Comparing Laminated vs. Extruded Polymer Coatings in Geosynthetic Clay Liners
https://www.infratex.com.au/knowledgebase/technical-guides/geocell-accessories-guide-supporting-a-stronger-in/,Geocell Accessories Guide: Supporting a Stronger Infracell® System
https://www.infratex.com.au/knowledgebase/technical-guides/ordering-installing-gcl-pond-liners-five-essential/,Part 1 – Ordering & Installing GCL Pond Liners: Five Essentials to Lock-In Before the Truck Arrives
https://www.infratex.com.au/knowledgebase/technical-guides/part-2-after-the-liners-down-protecting-gcls-durin/,Part 2 – After the Liner’s Down: Protecting GCLs During the Final Phase
https://www.infratex.com.au/knowledgebase/technical-guides/spunbond-vs-staple-fiber-nonwoven-geotextiles-a-qu/,Spunbond vs. Staple-Fiber Nonwoven Geotextiles: A Quick Technical Guide
https://www.infratex.com.au/knowledgebase/technical-guides/understanding-the-differences-between-staple-fiber/,Understanding the Differences Between Staple Fiber Geotextile and Continuous Filament Geotextile
